{"cameraMode":{"drawMode":0,"name":"Shaded","section":"Shading Mode"},"sceneLighting":false,"audioPlay":false,"sceneViewState":{"showFog":true,"showMaterialUpdate":false,"showSkybox":true,"showFlares":true,"showImageEffects":true,"showParticleSystems":true},"in2DMode":false,"pivot":{"x":-1.2633056640625,"y":3.104735851287842,"z":-5.867530345916748},"rotation":{"x":-0.32031092047691347,"y":-0.23068873584270478,"z":0.0810052827000618,"w":-0.9152168035507202},"size":0.2587748169898987,"orthographic":false}